sku,Size ,Color,Page,weight,Paper,Coating,Turnaround,2000,3000,4000,5000,6000,7000,8000,9000,10000,11000,12000,13000,14000,15000,16000,17000,18000,19000,20000,21000,22000,23000,24000,25000,1000
catalogs_a862f11eae89dff40c39393830beb4d4,5.5x8.5,4/4 (Full Color Both Sides),08 Pages,null,100# Text Self Cover,AQ 2 Sides (Semi-Gloss Coated),5-6 Days,550,650,750,850,940,1030,1120,1210,1300,1400,1500,1600,1700,1800,1880,1960,2040,2120,22000,2300,2400,2500,2600,2700,450
catalogs_51cd0d5af559f3ac4d5e0d3934defef5,5.5x8.5,4/4 (Full Color Both Sides),08 Pages,null,100# Text Self Cover,AQ 2 Sides (Semi-Gloss Coated),3-4  Days,550,650,750,850,940,1030,1120,1210,1300,1400,1500,1600,1700,1800,1880,1960,2040,2120,22000,2300,2400,2500,2600,2700,450
catalogs_b11d2b5d4b9fb0a85349b9a4a13da49a,5.5x8.5,4/4 (Full Color Both Sides),12 Pages,null,100# Text Self Cover,AQ 2 Sides (Semi-Gloss Coated),5-6 Days,792.5,995,1197.5,1400,1520,1640,1760,1880,2000,2120,2240,2360,2480,2600,2740,2880,3020,3160,33000,3420,3540,3660,3780,3900,590
catalogs_e8258318c6c426acc23c90f47cd46b4b,5.5x8.5,4/4 (Full Color Both Sides),12 Pages,null,100# Text Self Cover,AQ 2 Sides (Semi-Gloss Coated),3-4  Days,792.5,995,1197.5,1400,1520,1640,1760,1880,2000,2120,2240,2360,2480,2600,2740,2880,3020,3160,33000,3420,3540,3660,3780,3900,590
catalogs_f157bbec7056c2fda680ae86e211961b,5.5x8.5,4/4 (Full Color Both Sides),16 Pages,null,100# Text Self Cover,AQ 2 Sides (Semi-Gloss Coated),5-6 Days,930,1120,1310,1500,1660,1820,1980,2140,23000,2440,2580,2720,2860,30000,3140,3280,3420,3560,37000,3860,4020,4180,4340,45000,740
catalogs_dd873242f0ccd97d28f2946258e946a4,5.5x8.5,4/4 (Full Color Both Sides),16 Pages,null,100# Text Self Cover,AQ 2 Sides (Semi-Gloss Coated),3-4  Days,930,1120,1310,1500,1660,1820,1980,2140,23000,2440,2580,2720,2860,30000,3140,3280,3420,3560,37000,3860,4020,4180,4340,45000,740
catalogs_8dd3263cc45b68bf5cdc9b0e0d3bef1e,5.5x8.5,4/4 (Full Color Both Sides),20 Pages,null,100# Text Self Cover,AQ 2 Sides (Semi-Gloss Coated),5-6 Days,1280,1420,1560,1700,1920,2140,23600,2580,2800,3018,32360,3454,3672,3890,40220,4154,42860,4418,45500,4792,5034,5276,55180,5760,1140
catalogs_1a819f65582f866c982c18cf43dc068b,5.5x8.5,4/4 (Full Color Both Sides),20 Pages,null,100# Text Self Cover,AQ 2 Sides (Semi-Gloss Coated),3-4  Days,1280,1420,1560,1700,1920,2140,23600,2580,2800,3018,32360,3454,3672,3890,40220,4154,42860,4418,45500,4792,5034,5276,55180,5760,1140
catalogs_8bbd8d0384106fae90f21628996f5f13,5.5x8.5,4/4 (Full Color Both Sides),24 Pages,null,100# Text Self Cover,AQ 2 Sides (Semi-Gloss Coated),5-6 Days,1415,1640,1865,2090,2300,2510,2720,2930,31400,3330,3520,3710,3900,40900,4262,4434,4606,4778,49500,5180,5410,5640,5870,61000,1190
catalogs_0eef24c1ad66056e30dd485bd6e0fcb3,5.5x8.5,4/4 (Full Color Both Sides),24 Pages,null,100# Text Self Cover,AQ 2 Sides (Semi-Gloss Coated),3-4  Days,1415,1640,1865,2090,2300,2510,2720,2930,31400,3330,3520,3710,3900,40900,4262,4434,4606,4778,49500,5180,5410,5640,5870,61000,1190
catalogs_4f86a9791ae50e67f986ea0f20279f55,5.5x8.5,4/4 (Full Color Both Sides),28 Pages,null,100# Text Self Cover,AQ 2 Sides (Semi-Gloss Coated),5-6 Days,1655,1900,2145,2390,2642,2894,3146,3398,3650,3862,4074,4286,4498,4710,4886,5062,5238,5414,55900,5764,5938,6112,6286,6460,1410
catalogs_63ea9d5b42a3aacbf7eac5c3f5d259f2,5.5x8.5,4/4 (Full Color Both Sides),28 Pages,null,100# Text Self Cover,AQ 2 Sides (Semi-Gloss Coated),3-4  Days,1655,1900,2145,2390,2642,2894,3146,3398,3650,3862,4074,4286,4498,4710,4886,5062,5238,5414,55900,5764,5938,6112,6286,6460,1410
catalogs_0ba8d4decfec47666cc2ef064a58090d,5.5x8.5,4/4 (Full Color Both Sides),32 Pages,null,100# Text Self Cover,AQ 2 Sides (Semi-Gloss Coated),5-6 Days,1765,2040,2315,25900,2830,3070,3310,3550,37900,4010,4230,4450,4670,48900,5090,5290,5490,5690,58900,6070,6250,6430,6610,67900,1490
catalogs_56b34b6ec4f926cc75c603964e9ddedd,5.5x8.5,4/4 (Full Color Both Sides),32 Pages,null,100# Text Self Cover,AQ 2 Sides (Semi-Gloss Coated),3-4  Days,1765,2040,2315,25900,2830,3070,3310,3550,37900,4010,4230,4450,4670,48900,5090,5290,5490,5690,58900,6070,6250,6430,6610,67900,1490
catalogs_9dc438200d57a5890c29ec9bfd69cd9d,5.5x8.5,4/4 (Full Color Both Sides),36 Pages,null,100# Text Self Cover,AQ 2 Sides (Semi-Gloss Coated),5-6 Days,2037.5,2355,2672.5,2990,3234,3478,3722,3966,42100,4466,4722,4978,5234,5490,5704,5918,6132,6346,65600,6774,6988,7202,7416,7630,1720
catalogs_d10ca0d63d0cd337ddeb81d787c9093e,5.5x8.5,4/4 (Full Color Both Sides),36 Pages,null,100# Text Self Cover,AQ 2 Sides (Semi-Gloss Coated),3-4  Days,2037.5,2355,2672.5,2990,3234,3478,3722,3966,42100,4466,4722,4978,5234,5490,5704,5918,6132,6346,65600,6774,6988,7202,7416,7630,1720
catalogs_960585c378f5413c1e7149f4a6a25a44,5.5x8.5,4/4 (Full Color Both Sides),40 Pages,null,100# Text Self Cover,AQ 2 Sides (Semi-Gloss Coated),5-6 Days,2165,2520,28750,3230,34700,3710,39500,41900,44300,4682,49340,5186,54380,56900,59300,6170,64100,6650,68900,69300,69700,7010,70500,70900,1810
catalogs_698e0d2d75aa59105e9de25cc0fcf3a4,5.5x8.5,4/4 (Full Color Both Sides),40 Pages,null,100# Text Self Cover,AQ 2 Sides (Semi-Gloss Coated),3-4  Days,2165,2520,28750,3230,34700,3710,39500,41900,44300,4682,49340,5186,54380,56900,59300,6170,64100,6650,68900,69300,69700,7010,70500,70900,1810
catalogs_b28816c31aefcc59887c8fde0fb65e9c,5.5x8.5,4/4 (Full Color Both Sides),44 Pages,null,100# Text Self Cover,AQ 2 Sides (Semi-Gloss Coated),5-6 Days,2343.75,2732.5,3121.25,3510,3746,3982,4218,4454,4690,4966,5242,5518,5794,6070,6322,6574,6826,7078,73300,7580,7830,8080,8330,8580,1955
catalogs_26c00875a59c4264dd2fffc0d49c356c,5.5x8.5,4/4 (Full Color Both Sides),44 Pages,null,100# Text Self Cover,AQ 2 Sides (Semi-Gloss Coated),3-4  Days,2343.75,2732.5,3121.25,3510,3746,3982,4218,4454,4690,4966,5242,5518,5794,6070,6322,6574,6826,7078,73300,7580,7830,8080,8330,8580,1955
catalogs_c839c3f708425a11f3ee1f35e6b67673,5.5x8.5,4/4 (Full Color Both Sides),48 Pages,null,100# Text Self Cover,AQ 2 Sides (Semi-Gloss Coated),5-6 Days,2450,2850,3250,36500,3890,4130,4370,4610,48500,5130,5410,5690,5970,62500,6510,6770,7030,7290,75500,7810,8070,8330,8590,88500,2050
catalogs_faf1466e8e9e7be097cad1772a8c6927,5.5x8.5,4/4 (Full Color Both Sides),48 Pages,null,100# Text Self Cover,AQ 2 Sides (Semi-Gloss Coated),3-4  Days,2450,2850,3250,36500,3890,4130,4370,4610,48500,5130,5410,5690,5970,62500,6510,6770,7030,7290,75500,7810,8070,8330,8590,88500,2050
catalogs_3e7080dd3322656edd170939aa9ed17a,5.5x8.5,4/4 (Full Color Both Sides),52 Pages,null,100# Text Self Cover,AQ 2 Sides (Semi-Gloss Coated),5-6 Days,2715,3180,3645,4110,4346,4582,4818,5054,5290,5596,5902,6208,6514,6820,7092,7364,7636,7908,81800,8462,8744,9026,9308,9590,2250
catalogs_54cae904b5a6bdef38a0405d9f958ff4,5.5x8.5,4/4 (Full Color Both Sides),52 Pages,null,100# Text Self Cover,AQ 2 Sides (Semi-Gloss Coated),3-4  Days,2715,3180,3645,4110,4346,4582,4818,5054,5290,5596,5902,6208,6514,6820,7092,7364,7636,7908,81800,8462,8744,9026,9308,9590,2250
catalogs_4bf2a6381c96af51a38e5a5694ed6a33,5.5x8.5,4/4 (Full Color Both Sides),56 Pages,null,100# Text Self Cover,AQ 2 Sides (Semi-Gloss Coated),5-6 Days,2830,3310,3790,4270,4522,4774,5026,5278,55300,5838,6146,6454,6762,70700,7354,7638,7922,8206,84900,8782,9074,9366,9658,99500,2350
catalogs_3357952c72b2b5b70673845e18a90f28,5.5x8.5,4/4 (Full Color Both Sides),56 Pages,null,100# Text Self Cover,AQ 2 Sides (Semi-Gloss Coated),3-4  Days,2830,3310,3790,4270,4522,4774,5026,5278,55300,5838,6146,6454,6762,70700,7354,7638,7922,8206,84900,8782,9074,9366,9658,99500,2350
catalogs_a31aa183da6e31cbd2950de871c33a14,5.5x8.5,4/4 (Full Color Both Sides),60 Pages,null,100# Text Self Cover,AQ 2 Sides (Semi-Gloss Coated),5-6 Days,2967.5,3475,3982.5,4490,47540,5018,52820,5546,58100,6124,64380,6752,70660,7380,76880,7996,83040,8612,89200,9240,95600,9880,102000,10520,2460
catalogs_2cf3e0714a8a79d6e18b4b69bf100798,5.5x8.5,4/4 (Full Color Both Sides),60 Pages,null,100# Text Self Cover,AQ 2 Sides (Semi-Gloss Coated),3-4  Days,2967.5,3475,3982.5,4490,47540,5018,52820,5546,58100,6124,64380,6752,70660,7380,76880,7996,83040,8612,89200,9240,95600,9880,102000,10520,2460
catalogs_16b39f01bd9466bb8658d692fc4060e1,5.5x8.5,4/4 (Full Color Both Sides),64 Pages,null,100# Text Self Cover,AQ 2 Sides (Semi-Gloss Coated),5-6 Days,3082.5,3615,4147.5,46800,4942,5204,5466,5728,59900,6316,6642,6968,7294,76200,7920,8220,8520,88206,91200,9452,9784,10116,104486,1078000,2550
catalogs_c41cea121547002904de6c6cf606c661,5.5x8.5,4/4 (Full Color Both Sides),64 Pages,null,100# Text Self Cover,AQ 2 Sides (Semi-Gloss Coated),3-4  Days,3082.5,3615,4147.5,46800,4942,5204,5466,5728,59900,6316,6642,6968,7294,76200,7920,8220,8520,88206,91200,9452,9784,10116,104486,1078000,2550
catalogs_ddcf6db9baed70b6abd962fb0a11a4ed,5.5x8.5,4/4 (Full Color Both Sides),68 Pages,null,100# Text Self Cover,AQ 2 Sides (Semi-Gloss Coated),5-6 Days,3365,3950,4535,5120,5384,5648,5912,6176,6440,6786,7132,7478,7824,8170,8492,8814,9136,9458,97800,10120,10460,10800,11140,11480,2780
catalogs_063a1d4e70b273c768c00eaf83a8931f,5.5x8.5,4/4 (Full Color Both Sides),68 Pages,null,100# Text Self Cover,AQ 2 Sides (Semi-Gloss Coated),3-4  Days,3365,3950,4535,5120,5384,5648,5912,6176,6440,6786,7132,7478,7824,8170,8492,8814,9136,9458,97800,10120,10460,10800,11140,11480,2780
catalogs_9f0fd8dc742e275bf745a147b749e0f1,5.5x8.5,4/4 (Full Color Both Sides),72 Pages,null,100# Text Self Cover,AQ 2 Sides (Semi-Gloss Coated),5-6 Days,3480,4090,4700,53100,5624,5938,6252,6566,68800,7192,7504,7816,8128,84400,8774,9108,9442,9776,101100,10456,10802,11148,11494,118400,2870
catalogs_b6d022e1bd3775129e065be33991d010,5.5x8.5,4/4 (Full Color Both Sides),72 Pages,null,100# Text Self Cover,AQ 2 Sides (Semi-Gloss Coated),3-4  Days,3480,4090,4700,53100,5624,5938,6252,6566,68800,7192,7504,7816,8128,84400,8774,9108,9442,9776,101100,10456,10802,11148,11494,118400,2870
catalogs_bcda375ffcbed97ebdddf6af5999fe55,5.5x8.5,4/4 (Full Color Both Sides),76 Pages,null,100# Text Self Cover,AQ 2 Sides (Semi-Gloss Coated),5-6 Days,3615,4240,4865,5490,5790,6090,6390,6690,6990,7354,7718,8082,8446,8810,91706,9530,9890,102504,106100,109586,11306,11654,12002,12350,2990
catalogs_ba33c056dc85e1165b1c7d173bca747f,5.5x8.5,4/4 (Full Color Both Sides),76 Pages,null,100# Text Self Cover,AQ 2 Sides (Semi-Gloss Coated),3-4  Days,3615,4240,4865,5490,5790,6090,6390,6690,6990,7354,7718,8082,8446,8810,91706,9530,9890,102504,106100,109586,11306,11654,12002,12350,2990
catalogs_90136b723766fffb2cc29e22378b0bf5,5.5x8.5,4/4 (Full Color Both Sides),80 Pages,null,100# Text Self Cover,AQ 2 Sides (Semi-Gloss Coated),5-6 Days,37400,44000,50600,57200,60040,62880,65720,68560,71400,75100,78800,82500,86200,89900,93500,97100,100700,104300,1079000,111700,115500,119300,123100,126900,3080
catalogs_7c8d64520f44f596e966a431fc4063e8,5.5x8.5,4/4 (Full Color Both Sides),80 Pages,null,100# Text Self Cover,AQ 2 Sides (Semi-Gloss Coated),3-4  Days,37400,44000,50600,57200,60040,62880,65720,68560,71400,75100,78800,82500,86200,89900,93500,97100,100700,104300,1079000,111700,115500,119300,123100,126900,3080
catalogs_ab306ddd781684c8abf370fbff716fb2,5.5x8.5,4/4 (Full Color Both Sides),84 Pages,null,100# Text Self Cover,AQ 2 Sides (Semi-Gloss Coated),5-6 Days,3890,4590,5290,5990,6290,6590,6890,7190,74900,7870,8250,8630,9010,9390,9756,10122,10488,108546,112200,11606,11992,12378,1276496,13150,3190
catalogs_05c0bd0fa60d8f0cf7f7fe7c9aa2a9a7,5.5x8.5,4/4 (Full Color Both Sides),84 Pages,null,100# Text Self Cover,AQ 2 Sides (Semi-Gloss Coated),3-4  Days,3890,4590,5290,5990,6290,6590,6890,7190,74900,7870,8250,8630,9010,9390,9756,10122,10488,108546,112200,11606,11992,12378,1276496,13150,3190
catalogs_4fcf61e7c1804c61c35bc7d6eeb68a58,5.5x8.5,4/4 (Full Color Both Sides),88 Pages,null,100# Text Self Cover,AQ 2 Sides (Semi-Gloss Coated),5-6 Days,4015,4740,5465,6190,6482,6774,7066,7358,76500,8038,8426,8814,9202,95900,9962,10334,10706,11078,114500,11844,12238,12632,13026,134200,3290
catalogs_089f00c33876798a60d2ee50a7091f8e,5.5x8.5,4/4 (Full Color Both Sides),88 Pages,null,100# Text Self Cover,AQ 2 Sides (Semi-Gloss Coated),3-4  Days,4015,4740,5465,6190,6482,6774,7066,7358,76500,8038,8426,8814,9202,95900,9962,10334,10706,11078,114500,11844,12238,12632,13026,134200,3290
catalogs_6c1b0c7cd63f095616a70be99a6af1c3,5.5x8.5,4/4 (Full Color Both Sides),92 Pages,null,100# Text Self Cover,AQ 2 Sides (Semi-Gloss Coated),5-6 Days,4257.5,5045,5832.5,6620,6954,7288,7622,7956,8290,8702,9114,9526,9938,10350,10768,11186,11604,12022,124400,12876,13312,13748,14184,14620,3470
catalogs_20734654b6d7fe53dfa3af072c1efd63,5.5x8.5,4/4 (Full Color Both Sides),92 Pages,null,100# Text Self Cover,AQ 2 Sides (Semi-Gloss Coated),3-4  Days,4257.5,5045,5832.5,6620,6954,7288,7622,7956,8290,8702,9114,9526,9938,10350,10768,11186,11604,12022,124400,12876,13312,13748,14184,14620,3470
catalogs_ca707c8037951886c20d1d107b567067,5.5x8.5,4/4 (Full Color Both Sides),96 Pages,null,100# Text Self Cover,AQ 2 Sides (Semi-Gloss Coated),5-6 Days,4395,5210,6025,68400,7196,7552,7908,8264,86200,9050,9480,9910,10340,107700,112066,11642,12078,12514,129500,1340296,13854,14306,14758,1521000,3580
catalogs_02ba04d437e35f581464e55ed0db063a,5.5x8.5,4/4 (Full Color Both Sides),96 Pages,null,100# Text Self Cover,AQ 2 Sides (Semi-Gloss Coated),3-4  Days,4395,5210,6025,68400,7196,7552,7908,8264,86200,9050,9480,9910,10340,107700,112066,11642,12078,12514,129500,1340296,13854,14306,14758,1521000,3580
catalogs_44f7a73d38fb7257c60a1eda71856ebf,5.5x8.5,4/4 (Full Color Both Sides),08pp = Inside 4 + Cover 4,null,100# Gloss Text w/ 100# Glossy Cover,AQ 2 Sides (Semi-Gloss Coated),5-6 Days,717.5,895,1072.5,1250,1348,1446,1544,1642,1740,1902,2064,2226,2388,2550,2630,2710,2790,2870,2950,3012,3074,3136,3198,3260,540
catalogs_5a0ed6851756febebd7c00d50ef03887,5.5x8.5,4/4 (Full Color Both Sides),08pp = Inside 4 + Cover 4,null,100# Gloss Text w/ 100# Glossy Cover,AQ 2 Sides (Semi-Gloss Coated),3-4  Days,717.5,895,1072.5,1250,1348,1446,1544,1642,1740,1902,2064,2226,2388,2550,2630,2710,2790,2870,2950,3012,3074,3136,3198,3260,540
catalogs_b91cc1b2d67c4f9cd702d52d310282a9,5.5x8.5,4/4 (Full Color Both Sides),12pp = Inside 8 +Cover 4 ,null,100# Gloss Text w/ 100# Glossy Cover,AQ 2 Sides (Semi-Gloss Coated),5-6 Days,880,1070,1260,1450,1588,1726,1864,2002,2140,2360,2580,2800,3020,3240,3390,3540,3690,3840,3990,4170,4350,4530,4710,4890,690
catalogs_8e9eb9a5049e689de5e9e771f93315ef,5.5x8.5,4/4 (Full Color Both Sides),12pp = Inside 8 +Cover 4 ,null,100# Gloss Text w/ 100# Glossy Cover,AQ 2 Sides (Semi-Gloss Coated),3-4  Days,880,1070,1260,1450,1588,1726,1864,2002,2140,2360,2580,2800,3020,3240,3390,3540,3690,3840,3990,4170,4350,4530,4710,4890,690
catalogs_6ec58dd570a9ce40f197be6bdffbd542,5.5x8.5,4/4 (Full Color Both Sides),16pp = Inside 12 + Cover 4,null,100# Gloss Text w/ 100# Glossy Cover,AQ 2 Sides (Semi-Gloss Coated),5-6 Days,1120,1410,1700,1990,2160,2330,2500,2670,2840,3080,3320,3560,3800,4040,4250,4460,4670,4880,5090,5290,5490,5690,58900,6090,830
catalogs_f5275663c7bfff379b03326232ab5c3e,5.5x8.5,4/4 (Full Color Both Sides),16pp = Inside 12 + Cover 4,null,100# Gloss Text w/ 100# Glossy Cover,AQ 2 Sides (Semi-Gloss Coated),3-4  Days,1120,1410,1700,1990,2160,2330,2500,2670,2840,3080,3320,3560,3800,4040,4250,4460,4670,4880,5090,5290,5490,5690,58900,6090,830
catalogs_705beb39b1a0cf16843a582ddecee8a3,5.5x8.5,4/4 (Full Color Both Sides),20pp = Inside 16 + Cover 4,null,100# Gloss Text w/ 100# Glossy Cover,AQ 2 Sides (Semi-Gloss Coated),5-6 Days,1257.5,1535,1812.5,2090,2302,2514,2726,2938,3150,3408,3666,3924,4182,4440,4650,4860,5070,5280,5490,5730,59708,6210,6450,6690,980
catalogs_0910af437d961f5258010598cc5156ed,5.5x8.5,4/4 (Full Color Both Sides),20pp = Inside 16 + Cover 4,null,100# Gloss Text w/ 100# Glossy Cover,AQ 2 Sides (Semi-Gloss Coated),3-4  Days,1257.5,1535,1812.5,2090,2302,2514,2726,2938,3150,3408,3666,3924,4182,4440,4650,4860,5070,5280,5490,5730,59708,6210,6450,6690,980
catalogs_254662fc2e1d60b7fa56ea7cbd1986c9,5.5x8.5,4/4 (Full Color Both Sides),24pp = Inside 20 +Cover 4,null,100# Gloss Text w/ 100# Glossy Cover,AQ 2 Sides (Semi-Gloss Coated),5-6 Days,1607.5,1835,2062.5,2290,2562,2834,3106,3378,3650,3992,4334,4676,5018,5360,5644,5928,6212,6496,6780,7082,7384,76864,7988,8290,1380
catalogs_963ce08c57b82142cdd06d099281705c,5.5x8.5,4/4 (Full Color Both Sides),24pp = Inside 20 +Cover 4,null,100# Gloss Text w/ 100# Glossy Cover,AQ 2 Sides (Semi-Gloss Coated),3-4  Days,1607.5,1835,2062.5,2290,2562,2834,3106,3378,3650,3992,4334,4676,5018,5360,5644,5928,6212,6496,6780,7082,7384,76864,7988,8290,1380
catalogs_f84e4ccaed07136e39e470ed4dde47d5,5.5x8.5,4/4 (Full Color Both Sides),28pp = Inside 24 + Cover ,null,100# Gloss Text w/ 100# Glossy Cover,AQ 2 Sides (Semi-Gloss Coated),5-6 Days,1717.5,1995,2272.5,2550,2882,3214,3546,3878,4210,4518,4826,5134,5442,5750,6046,63424,6638,6934,7230,7494,7758,802276,8286,8550,1440
catalogs_cd7238110cef8557b1415aa1bbcd040b,5.5x8.5,4/4 (Full Color Both Sides),28pp = Inside 24 + Cover ,null,100# Gloss Text w/ 100# Glossy Cover,AQ 2 Sides (Semi-Gloss Coated),3-4  Days,1717.5,1995,2272.5,2550,2882,3214,3546,3878,4210,4518,4826,5134,5442,5750,6046,63424,6638,6934,7230,7494,7758,802276,8286,8550,1440
catalogs_debfe0ae65b6f7b3361bba92fa62715f,5.5x8.5,4/4 (Full Color Both Sides),32pp = Inside 28 + Cover 4,null,100# Gloss Text w/ 100# Glossy Cover,AQ 2 Sides (Semi-Gloss Coated),5-6 Days,2022.5,2375,2727.5,3080,3362,3644,3926,4208,4490,4830,5170,5510,5850,6190,6456,6722,6988,7254,7520,7780,8040,8300,8560,8820,1670
catalogs_45030adee200553e74198da6b34e0ef3,5.5x8.5,4/4 (Full Color Both Sides),32pp = Inside 28 + Cover 4,null,100# Gloss Text w/ 100# Glossy Cover,AQ 2 Sides (Semi-Gloss Coated),3-4  Days,2022.5,2375,2727.5,3080,3362,3644,3926,4208,4490,4830,5170,5510,5850,6190,6456,6722,6988,7254,7520,7780,8040,8300,8560,8820,1670
catalogs_928ca036645eeeb80428bb33a8494a6a,5.5x8.5,4/4 (Full Color Both Sides),36pp = Inside 32 + Cover 4,null,100# Gloss Text w/ 100# Glossy Cover,AQ 2 Sides (Semi-Gloss Coated),5-6 Days,2102.5,2465,2827.5,3190,3482,3774,4066,4358,4650,4990,5330,5670,6010,6350,6618,6886,7154,7422,7690,7950,8210,8470,87300,8990,1740
catalogs_f1141d4adf5b7a2bc0e059b0a6cc42da,5.5x8.5,4/4 (Full Color Both Sides),36pp = Inside 32 + Cover 4,null,100# Gloss Text w/ 100# Glossy Cover,AQ 2 Sides (Semi-Gloss Coated),3-4  Days,2102.5,2465,2827.5,3190,3482,3774,4066,4358,4650,4990,5330,5670,6010,6350,6618,6886,7154,7422,7690,7950,8210,8470,87300,8990,1740
catalogs_8b3c617d109a9edf99712ee37dee01bd,5.5x8.5,4/4 (Full Color Both Sides),40pp = Inside 36 + Cover 4,null,100# Gloss Text w/ 100# Glossy Cover,AQ 2 Sides (Semi-Gloss Coated),5-6 Days,2432.5,28752,3317.5,3760,4066,4372,4678,4984,5290,56304,5970,6310,6650,6990,7282,757428,7866,8158,8450,8738,90268,9314,9602,9890,1990
catalogs_26531800e4727a96002cef6c125e1151,5.5x8.5,4/4 (Full Color Both Sides),40pp = Inside 36 + Cover 4,null,100# Gloss Text w/ 100# Glossy Cover,AQ 2 Sides (Semi-Gloss Coated),3-4  Days,2432.5,28752,3317.5,3760,4066,4372,4678,4984,5290,56304,5970,6310,6650,6990,7282,757428,7866,8158,8450,8738,90268,9314,9602,9890,1990
catalogs_1b55ebbd78496df2f15e2880910cf31d,5.5x8.5,4/4 (Full Color Both Sides),44pp = Inside 40 + Cover 4,null,100# Gloss Text w/ 100# Glossy Cover,AQ 2 Sides (Semi-Gloss Coated),5-6 Days,2507.5,2965,3422.5,3880,4194,4508,4822,5136,5450,5812,6174,6536,6898,7260,7570,7880,8190,8500,8810,9124,9438,9752,10066,10380,2050
catalogs_136ebe3f2f6ca3783169ccdc57274f87,5.5x8.5,4/4 (Full Color Both Sides),44pp = Inside 40 + Cover 4,null,100# Gloss Text w/ 100# Glossy Cover,AQ 2 Sides (Semi-Gloss Coated),3-4  Days,2507.5,2965,3422.5,3880,4194,4508,4822,5136,5450,5812,6174,6536,6898,7260,7570,7880,8190,8500,8810,9124,9438,9752,10066,10380,2050
catalogs_c930f9adb48cd5ad12a48ce37f500a5a,5.5x8.5,4/4 (Full Color Both Sides),48pp = Inside 44 + Cover 4,null,100# Gloss Text w/ 100# Glossy Cover,AQ 2 Sides (Semi-Gloss Coated),5-6 Days,2687.5,3165,3642.5,4120,4404,4688,4972,5256,5540,5942,6344,6746,71488,7550,7874,8198,8522,8846,9170,9502,9834,10166,10498,10830,2210
catalogs_20bd0f9d5356295cbf50ae760bef7354,5.5x8.5,4/4 (Full Color Both Sides),48pp = Inside 44 + Cover 4,null,100# Gloss Text w/ 100# Glossy Cover,AQ 2 Sides (Semi-Gloss Coated),3-4  Days,2687.5,3165,3642.5,4120,4404,4688,4972,5256,5540,5942,6344,6746,71488,7550,7874,8198,8522,8846,9170,9502,9834,10166,10498,10830,2210
catalogs_e67ee9cbfb40e5b5808c973bc325da86,5.5x8.5,4/4 (Full Color Both Sides),52pp = Inside 48 + Cover 4,null,100# Gloss Text w/ 100# Glossy Cover,AQ 2 Sides (Semi-Gloss Coated),5-6 Days,2780,3270,3760,4250,4538,4826,5114,5402,5690,6090,6490,6890,7290,7690,8022,8354,8686,9018,9350,9690,10030,10370,1071044,11050,2290
catalogs_fdef06fc23c0e34651edc18a31400540,5.5x8.5,4/4 (Full Color Both Sides),52pp = Inside 48 + Cover 4,null,100# Gloss Text w/ 100# Glossy Cover,AQ 2 Sides (Semi-Gloss Coated),3-4  Days,2780,3270,3760,4250,4538,4826,5114,5402,5690,6090,6490,6890,7290,7690,8022,8354,8686,9018,9350,9690,10030,10370,1071044,11050,2290
catalogs_fceabd65b73e9c816d777cb87ae2b885,5.5x8.5,4/4 (Full Color Both Sides),56pp = Inside 52 + Cover 4,null,100# Gloss Text w/ 100# Glossy Cover,AQ 2 Sides (Semi-Gloss Coated),5-6 Days,3110,3660,4210,4760,5050,5340,5630,5920,6210,6622,7034,7446,7858,8270,8632,8994,9356,971820,10080,10446,10812,11178,115440,11910,2560
catalogs_3aff22ab514e7d39de69684a88f9ba09,5.5x8.5,4/4 (Full Color Both Sides),56pp = Inside 52 + Cover 4,null,100# Gloss Text w/ 100# Glossy Cover,AQ 2 Sides (Semi-Gloss Coated),3-4  Days,3110,3660,4210,4760,5050,5340,5630,5920,6210,6622,7034,7446,7858,8270,8632,8994,9356,971820,10080,10446,10812,11178,115440,11910,2560
catalogs_4239e0ae589153900ea5395224aa29d2,5.5x8.5,4/4 (Full Color Both Sides),60pp = Inside 56 + Cover 4,null,100# Gloss Text w/ 100# Glossy Cover,AQ 2 Sides (Semi-Gloss Coated),5-6 Days,3180,3750,4320,4890,5188,5486,5784,6082,6380,6818,725648,7694,8132,8570,8942,9314,968672,10058,10430,10808,11186,11564,1194296,12320,2610
catalogs_12cd838825fb929b762190da100d092c,5.5x8.5,4/4 (Full Color Both Sides),60pp = Inside 56 + Cover 4,null,100# Gloss Text w/ 100# Glossy Cover,AQ 2 Sides (Semi-Gloss Coated),3-4  Days,3180,3750,4320,4890,5188,5486,5784,6082,6380,6818,725648,7694,8132,8570,8942,9314,968672,10058,10430,10808,11186,11564,1194296,12320,2610
catalogs_176004806acc1a916ca1048b2d191060,5.5x8.5,4/4 (Full Color Both Sides),64pp = Inside 60 + Cover 4,null,100# Gloss Text w/ 100# Glossy Cover,AQ 2 Sides (Semi-Gloss Coated),5-6 Days,3372.56,3965,4557.5,5150,5436,5722,6008,6294,6580,7036,7492,7948,8404,8860,9244,962876,10012,10396,1078060,11172,11564,11956,12348,12740,2780
catalogs_c09a6cd1136be2bef8e1abdc9c4d2a52,5.5x8.5,4/4 (Full Color Both Sides),64pp = Inside 60 + Cover 4,null,100# Gloss Text w/ 100# Glossy Cover,AQ 2 Sides (Semi-Gloss Coated),3-4  Days,3372.56,3965,4557.5,5150,5436,5722,6008,6294,6580,7036,7492,7948,8404,8860,9244,962876,10012,10396,1078060,11172,11564,11956,12348,12740,2780
catalogs_76c14e78f9646e18aa6022ad7f80cccc,5.5x8.5,4/4 (Full Color Both Sides),68pp = Inside 64 + Cover 4,null,100# Gloss Text w/ 100# Glossy Cover,AQ 2 Sides (Semi-Gloss Coated),5-6 Days,3452.5,4065,4677.5,5290,5580,5870,6160,6450,6740,7190,7640,8090,8540,8990,938232,97744,10166,1055888,10950,11348,11746,12144,12542,12940,2840
catalogs_0faba75b00e8fcebf8089c8b6239a2d7,5.5x8.5,4/4 (Full Color Both Sides),68pp = Inside 64 + Cover 4,null,100# Gloss Text w/ 100# Glossy Cover,AQ 2 Sides (Semi-Gloss Coated),3-4  Days,3452.5,4065,4677.5,5290,5580,5870,6160,6450,6740,7190,7640,8090,8540,8990,938232,97744,10166,1055888,10950,11348,11746,12144,12542,12940,2840
catalogs_284fb9e4ff371d05034d7da7f3eca92a,5.5x8.5,4/4 (Full Color Both Sides),72pp = Inside 68 + Cover 4,null,100# Gloss Text w/ 100# Glossy Cover,AQ 2 Sides (Semi-Gloss Coated),5-6 Days,3755,4440,5125,5810,6102,6394,6686,6978,7270,7728,8186,8644,9102,9560,9974,10388,10802,11216,11630,12054,12478,12902,13326,13750,3070
catalogs_5650afb6987350e68bc5fb70bd6fac52,5.5x8.5,4/4 (Full Color Both Sides),72pp = Inside 68 + Cover 4,null,100# Gloss Text w/ 100# Glossy Cover,AQ 2 Sides (Semi-Gloss Coated),3-4  Days,3755,4440,5125,5810,6102,6394,6686,6978,7270,7728,8186,8644,9102,9560,9974,10388,10802,11216,11630,12054,12478,12902,13326,13750,3070
catalogs_eafdeec40ad3e724cf1bc23a3dcb5c3a,5.5x8.5,4/4 (Full Color Both Sides),76pp = Inside 72 + Cover 4,null,100# Gloss Text w/ 100# Glossy Cover,AQ 2 Sides (Semi-Gloss Coated),5-6 Days,3835,4540,5245,5950,6246,6542,6838,7134,7430,7910,83900,8870,9350,9830,10262,1069400,11126,11558,11990,12420,12850,13280,137100,14140,3130
catalogs_eab5491ccca323875e0fccda5ad22189,5.5x8.5,4/4 (Full Color Both Sides),76pp = Inside 72 + Cover 4,null,100# Gloss Text w/ 100# Glossy Cover,AQ 2 Sides (Semi-Gloss Coated),3-4  Days,3835,4540,5245,5950,6246,6542,6838,7134,7430,7910,83900,8870,9350,9830,10262,1069400,11126,11558,11990,12420,12850,13280,137100,14140,3130
catalogs_57824443e424bf695f3e655a26beb71f,5.5x8.5,4/4 (Full Color Both Sides),80pp = Inside 76 + Cover 4,null,100# Gloss Text w/ 100# Glossy Cover,AQ 2 Sides (Semi-Gloss Coated),5-6 Days,4050,4780,5510,6240,6510,6780,7050,7320,7590,81004,8610,9120,9630,10140,10584,11028,11472,11916,12360,12810,132608,1371052,14160,14610,3320
catalogs_652db4756cb61ec070086023b4ba3d62,5.5x8.5,4/4 (Full Color Both Sides),80pp = Inside 76 + Cover 4,null,100# Gloss Text w/ 100# Glossy Cover,AQ 2 Sides (Semi-Gloss Coated),3-4  Days,4050,4780,5510,6240,6510,6780,7050,7320,7590,81004,8610,9120,9630,10140,10584,11028,11472,11916,12360,12810,132608,1371052,14160,14610,3320
catalogs_b60573681ebb69593d3fba2b80ec2a85,5.5x8.5,4/4 (Full Color Both Sides),84pp = Inside 80 + Cover 4,null,100# Gloss Text w/ 100# Glossy Cover,AQ 2 Sides (Semi-Gloss Coated),5-6 Days,4127.5,4865,5602.5,6340,6630,6920,7210,7500,7790,8288,8786,9284,9782,10280,10734,11188,11642,12096,12550,13008,1346656,13924,14382,14840,3390
catalogs_d474b09793087eeb7afd2637f1a91a5c,5.5x8.5,4/4 (Full Color Both Sides),84pp = Inside 80 + Cover 4,null,100# Gloss Text w/ 100# Glossy Cover,AQ 2 Sides (Semi-Gloss Coated),3-4  Days,4127.5,4865,5602.5,6340,6630,6920,7210,7500,7790,8288,8786,9284,9782,10280,10734,11188,11642,12096,12550,13008,1346656,13924,14382,14840,3390
catalogs_e5861db6fec82ceb782f11b4b9482572,5.5x8.5,4/4 (Full Color Both Sides),88pp = Inside 84 + Cover 4,null,100# Gloss Text w/ 100# Glossy Cover,AQ 2 Sides (Semi-Gloss Coated),5-6 Days,4420,5230,6040,6850,7138,7426,7714,8002,8290,8790,9290,9790,10290,1079080,11230,11670,12110,12550,12990,1344012,13890,14340,14790,15240,3610
catalogs_a1d8aa20357b2fff473a563f6588a1d9,5.5x8.5,4/4 (Full Color Both Sides),88pp = Inside 84 + Cover 4,null,100# Gloss Text w/ 100# Glossy Cover,AQ 2 Sides (Semi-Gloss Coated),3-4  Days,4420,5230,6040,6850,7138,7426,7714,8002,8290,8790,9290,9790,10290,1079080,11230,11670,12110,12550,12990,1344012,13890,14340,14790,15240,3610
catalogs_15853ca1d115eb4c8f98b663cb2a0fa0,5.5x8.5,4/4 (Full Color Both Sides),92pp = Inside 88 + Cover 4,null,100# Gloss Text w/ 100# Glossy Cover,AQ 2 Sides (Semi-Gloss Coated),5-6 Days,4507.5,5335,6162.5,6990,7288,7586,7884,8182,8480,8996,9512,10028,10544,11060,11506,11952,12398,12844,13290,13722,14154,14586,15018,15450,3680
catalogs_025351db993ff4171f41a12f2c42dbbd,5.5x8.5,4/4 (Full Color Both Sides),92pp = Inside 88 + Cover 4,null,100# Gloss Text w/ 100# Glossy Cover,AQ 2 Sides (Semi-Gloss Coated),3-4  Days,4507.5,5335,6162.5,6990,7288,7586,7884,8182,8480,8996,9512,10028,10544,11060,11506,11952,12398,12844,13290,13722,14154,14586,15018,15450,3680
catalogs_e22ff6d4f60abfebf16774052fad0ecf,5.5x8.5,4/4 (Full Color Both Sides),96pp = Inside 92 + Cover 4,null,100# Gloss Text w/ 100# Glossy Cover,AQ 2 Sides (Semi-Gloss Coated),5-6 Days,4827.5,5665,6502.5,7340,7670,8000,8330,8660,8990,9582,10174,10766,11358,11950,12470,12990,13510,14030,14550,15038,15526,16014,16502,16990,3990
catalogs_5ca2fff9668f727ea75207aa1c514693,5.5x8.5,4/4 (Full Color Both Sides),96pp = Inside 92 + Cover 4,null,100# Gloss Text w/ 100# Glossy Cover,AQ 2 Sides (Semi-Gloss Coated),3-4  Days,4827.5,5665,6502.5,7340,7670,8000,8330,8660,8990,9582,10174,10766,11358,11950,12470,12990,13510,14030,14550,15038,15526,16014,16502,16990,3990
catalogs_faafb9c83e5d646bf1c058bd08357b1c,8.5x11,4/4 (Full Color Both Sides),08 Pages,null,100# Text Self Cover,AQ 2 Sides (Semi-Gloss Coated),5-6 Days,767.5,875,982.5,1090,1210,1330,1450,1570,16900,1810,1930,2050,2170,22900,2430,2570,2710,2850,29900,3130,3270,3410,3550,36900,660
catalogs_8c34e724d7ee3e3ca6b83f3029ae1b54,8.5x11,4/4 (Full Color Both Sides),08 Pages,null,100# Text Self Cover,AQ 2 Sides (Semi-Gloss Coated),3-4  Days,767.5,875,982.5,1090,1210,1330,1450,1570,16900,1810,1930,2050,2170,22900,2430,2570,2710,2850,29900,3130,3270,3410,3550,36900,660
catalogs_d049d1588649f4e33e0679a70343a18b,8.5x11,4/4 (Full Color Both Sides),12 Pages,null,100# Text Self Cover,AQ 2 Sides (Semi-Gloss Coated),5-6 Days,1127.5,1315,1502.5,1690,1860,2030,2200,2370,25400,2740,2940,3140,3340,35400,3690,3840,3990,4140,42900,4470,4650,4830,5010,51900,940
catalogs_eaf0eb451c94ea80d2f0f1d41f301f9e,8.5x11,4/4 (Full Color Both Sides),12 Pages,null,100# Text Self Cover,AQ 2 Sides (Semi-Gloss Coated),3-4  Days,1127.5,1315,1502.5,1690,1860,2030,2200,2370,25400,2740,2940,3140,3340,35400,3690,3840,3990,4140,42900,4470,4650,4830,5010,51900,940
catalogs_6f26eab36a0eb8242faf87e0ba736d36,8.5x11,4/4 (Full Color Both Sides),16 Pages,null,100# Text Self Cover,AQ 2 Sides (Semi-Gloss Coated),5-6 Days,1241.25,1487.5,1733.75,19800,2180,2380,2580,2780,29800,3160,3340,3520,3700,38800,4060,4240,4420,4600,47800,4960,5140,5320,5500,56800,995
catalogs_e9f39fcebf7296cbfdd24e98dad12441,8.5x11,4/4 (Full Color Both Sides),16 Pages,null,100# Text Self Cover,AQ 2 Sides (Semi-Gloss Coated),3-4  Days,1241.25,1487.5,1733.75,19800,2180,2380,2580,2780,29800,3160,3340,3520,3700,38800,4060,4240,4420,4600,47800,4960,5140,5320,5500,56800,995
catalogs_773005431f2eff1c6223384a735d5c7b,8.5x11,4/4 (Full Color Both Sides),20 Pages,null,100# Text Self Cover,AQ 2 Sides (Semi-Gloss Coated),5-6 Days,1825,2180,25350,2890,31700,3450,37300,40100,42900,4550,48100,5070,53300,55900,58300,6070,63100,6550,67900,70300,72700,7510,77500,79900,1470
catalogs_927a960127e8421266a1259a0dd9ad37,8.5x11,4/4 (Full Color Both Sides),20 Pages,null,100# Text Self Cover,AQ 2 Sides (Semi-Gloss Coated),3-4  Days,1825,2180,25350,2890,31700,3450,37300,40100,42900,4550,48100,5070,53300,55900,58300,6070,63100,6550,67900,70300,72700,7510,77500,79900,1470
catalogs_9a6c91b96882740d00c93ce18bb94ba3,8.5x11,4/4 (Full Color Both Sides),24 Pages,null,100# Text Self Cover,AQ 2 Sides (Semi-Gloss Coated),5-6 Days,2040,2390,2740,30900,3410,3730,4050,4370,46900,5090,5490,5890,6290,66900,7010,7330,7650,7970,82900,8630,8970,9310,9650,99900,1690
catalogs_f79b7285383255ddf0f936809a086e17,8.5x11,4/4 (Full Color Both Sides),24 Pages,null,100# Text Self Cover,AQ 2 Sides (Semi-Gloss Coated),3-4  Days,2040,2390,2740,30900,3410,3730,4050,4370,46900,5090,5490,5890,6290,66900,7010,7330,7650,7970,82900,8630,8970,9310,9650,99900,1690
catalogs_d8b60947861ed6c7c85f1bcdbd0370b9,8.5x11,4/4 (Full Color Both Sides),28 Pages,null,100# Text Self Cover,AQ 2 Sides (Semi-Gloss Coated),5-6 Days,2340,2715,3052.5,3390,3728,4066,4404,4742,50800,5500,5920,6340,6760,71800,7640,8100,8560,9020,94800,9834,10188,10542,10896,112500,1890
catalogs_283fbab41fec919667693db2aa45890a,8.5x11,4/4 (Full Color Both Sides),28 Pages,null,100# Text Self Cover,AQ 2 Sides (Semi-Gloss Coated),3-4  Days,2340,2715,3052.5,3390,3728,4066,4404,4742,50800,5500,5920,6340,6760,71800,7640,8100,8560,9020,94800,9834,10188,10542,10896,112500,1890
catalogs_be970127530617430ccf5cb445fe77e3,8.5x11,4/4 (Full Color Both Sides),32 Pages,null,100# Text Self Cover,AQ 2 Sides (Semi-Gloss Coated),5-6 Days,2440,2790,3240,36900,4070,4450,4830,5210,55900,6010,6430,6850,7270,76900,8130,8570,9010,94506,98900,10290,10690,11090,114906,1189000,2040
catalogs_99234e677505b00da4b5af4bc290d9fd,8.5x11,4/4 (Full Color Both Sides),32 Pages,null,100# Text Self Cover,AQ 2 Sides (Semi-Gloss Coated),3-4  Days,2440,2790,3240,36900,4070,4450,4830,5210,55900,6010,6430,6850,7270,76900,8130,8570,9010,94506,98900,10290,10690,11090,114906,1189000,2040
catalogs_255afe8dd298adf847c2ae302a20f278,8.5x11,4/4 (Full Color Both Sides),36 Pages,null,100# Text Self Cover,AQ 2 Sides (Semi-Gloss Coated),5-6 Days,3110,3580,4050,45200,4952,5384,5816,6248,66800,7182,7684,8186,8688,91900,9750,10310,10870,11430,119900,12334,12678,13022,13366,137100,2640
catalogs_72a25db4a73be369325282f58e599fe3,8.5x11,4/4 (Full Color Both Sides),36 Pages,null,100# Text Self Cover,AQ 2 Sides (Semi-Gloss Coated),3-4  Days,3110,3580,4050,45200,4952,5384,5816,6248,66800,7182,7684,8186,8688,91900,9750,10310,10870,11430,119900,12334,12678,13022,13366,137100,2640
catalogs_094c2990a4870ff88dea875308a41b3e,8.5x11,4/4 (Full Color Both Sides),40 Pages,null,100# Text Self Cover,AQ 2 Sides (Semi-Gloss Coated),5-6 Days,32650,37500,42350,47200,52100,57000,61900,66800,71700,76780,81860,86940,92020,97100,102660,108220,113780,119340,1249000,128420,131940,135460,138980,142500,2780
catalogs_e642c96819f9371a4adbf71efcb83ad7,8.5x11,4/4 (Full Color Both Sides),40 Pages,null,100# Text Self Cover,AQ 2 Sides (Semi-Gloss Coated),3-4  Days,32650,37500,42350,47200,52100,57000,61900,66800,71700,76780,81860,86940,92020,97100,102660,108220,113780,119340,1249000,128420,131940,135460,138980,142500,2780
catalogs_326fafe5ac14909ef5875d649148a843,8.5x11,4/4 (Full Color Both Sides),44 Pages,null,100# Text Self Cover,AQ 2 Sides (Semi-Gloss Coated),5-6 Days,3627.5,4235,4842.5,5450,5938,6426,6914,7402,78900,8382,8874,9366,9858,103500,10878,11406,11934,12462,129900,13414,13838,14262,14686,151100,3020
catalogs_f8b27c10e510490af232e5497a48c468,8.5x11,4/4 (Full Color Both Sides),44 Pages,null,100# Text Self Cover,AQ 2 Sides (Semi-Gloss Coated),3-4  Days,3627.5,4235,4842.5,5450,5938,6426,6914,7402,78900,8382,8874,9366,9858,103500,10878,11406,11934,12462,129900,13414,13838,14262,14686,151100,3020
catalogs_3e1db8e19736bdb342ac43919a6ef59a,8.5x11,4/4 (Full Color Both Sides),48 Pages,null,100# Text Self Cover,AQ 2 Sides (Semi-Gloss Coated),5-6 Days,3777.5,4415,5052.5,56900,6210,6730,7250,7770,82900,8790,9290,9790,10290,107900,112906,11790,12290,12790,132900,1373096,14170,14610,15050,1549000,3140
catalogs_f3dda7327bb89d003dd1411a28d8b90c,8.5x11,4/4 (Full Color Both Sides),48 Pages,null,100# Text Self Cover,AQ 2 Sides (Semi-Gloss Coated),3-4  Days,3777.5,4415,5052.5,56900,6210,6730,7250,7770,82900,8790,9290,9790,10290,107900,112906,11790,12290,12790,132900,1373096,14170,14610,15050,1549000,3140
catalogs_b8038c5a63d9968f4c926e13fd01d584,8.5x11,4/4 (Full Color Both Sides),52 Pages,null,100# Text Self Cover,AQ 2 Sides (Semi-Gloss Coated),5-6 Days,4327.5,5045,5762.5,6480,7074,7668,8262,8856,94500,10026,10602,11178,11754,123300,12934,13538,14142,14746,153500,15678,16006,16334,16662,169900,3610
catalogs_ba1afdbee588a0d24b89729830cfa4d6,8.5x11,4/4 (Full Color Both Sides),52 Pages,null,100# Text Self Cover,AQ 2 Sides (Semi-Gloss Coated),3-4  Days,4327.5,5045,5762.5,6480,7074,7668,8262,8856,94500,10026,10602,11178,11754,123300,12934,13538,14142,14746,153500,15678,16006,16334,16662,169900,3610
catalogs_e784090156c6571297d77953f349d746,8.5x11,4/4 (Full Color Both Sides),56 Pages,null,100# Text Self Cover,AQ 2 Sides (Semi-Gloss Coated),5-6 Days,4507.5,5245,5982.5,67200,7352,7984,8616,9248,98800,10466,11052,11638,12224,128100,13406,14002,1459896,15194,157900,16222,16654,17086,17518,179500,3770
catalogs_5ec70e8824b6450e375f822f66b6c0a1,8.5x11,4/4 (Full Color Both Sides),56 Pages,null,100# Text Self Cover,AQ 2 Sides (Semi-Gloss Coated),3-4  Days,4507.5,5245,5982.5,67200,7352,7984,8616,9248,98800,10466,11052,11638,12224,128100,13406,14002,1459896,15194,157900,16222,16654,17086,17518,179500,3770
catalogs_50deeb6c93a3cb034f5d78cc2b921661,8.5x11,4/4 (Full Color Both Sides),60 Pages,null,100# Text Self Cover,AQ 2 Sides (Semi-Gloss Coated),5-6 Days,47550,56000,64450,72900,78940,84980,91020,97060,103100,108720,114340,119960,125580,131200,137380,143560,149740,155920,1621000,166660,171220,175780,180340,184900,3910
catalogs_bdda3a79e76d789829d0b3c4ee143091,8.5x11,4/4 (Full Color Both Sides),60 Pages,null,100# Text Self Cover,AQ 2 Sides (Semi-Gloss Coated),3-4  Days,47550,56000,64450,72900,78940,84980,91020,97060,103100,108720,114340,119960,125580,131200,137380,143560,149740,155920,1621000,166660,171220,175780,180340,184900,3910
catalogs_f3260e62d6ca2d0ea9089696c27140e5,8.5x11,4/4 (Full Color Both Sides),64 Pages,null,100# Text Self Cover,AQ 2 Sides (Semi-Gloss Coated),5-6 Days,4950,5850,6750,76500,8270,8890,9510,10130,107500,11320,118906,12460,13030,136000,14200,14800,15400,16000,166000,17100,1760096,18100,18600,1910000,4050
catalogs_8b1a44cb514334804f27ce9db55eddb9,8.5x11,4/4 (Full Color Both Sides),64 Pages,null,100# Text Self Cover,AQ 2 Sides (Semi-Gloss Coated),3-4  Days,4950,5850,6750,76500,8270,8890,9510,10130,107500,11320,118906,12460,13030,136000,14200,14800,15400,16000,166000,17100,1760096,18100,18600,1910000,4050
catalogs_b870014d1c7f77622144b0fe20543b30,8.5x11,4/4 (Full Color Both Sides),68 Pages,null,100# Text Self Cover,AQ 2 Sides (Semi-Gloss Coated),5-6 Days,5470,6430,7390,8350,9058,9766,10474,11182,118900,12540,13190,13840,14490,151400,15850,16560,17270,17980,186900,19076,19462,19848,20234,206200,4510
catalogs_e4d5aa107cd05da6e2e5a1118307a651,8.5x11,4/4 (Full Color Both Sides),68 Pages,null,100# Text Self Cover,AQ 2 Sides (Semi-Gloss Coated),3-4  Days,5470,6430,7390,8350,9058,9766,10474,11182,118900,12540,13190,13840,14490,151400,15850,16560,17270,17980,186900,19076,19462,19848,20234,206200,4510
catalogs_472ae1c2ee41067072551cddaa64ee4e,8.5x11,4/4 (Full Color Both Sides),72 Pages,null,100# Text Self Cover,AQ 2 Sides (Semi-Gloss Coated),5-6 Days,5675,6680,7685,86900,9414,10138,10862,11586,123100,12970,13630,14290,1495096,156100,16312,17014,17716,18418,191200,19588,20056,20524,20992,2146000,4670
catalogs_ac0655711822c75babf41f24865d259a,8.5x11,4/4 (Full Color Both Sides),72 Pages,null,100# Text Self Cover,AQ 2 Sides (Semi-Gloss Coated),3-4  Days,5675,6680,7685,86900,9414,10138,10862,11586,123100,12970,13630,14290,1495096,156100,16312,17014,17716,18418,191200,19588,20056,20524,20992,2146000,4670
catalogs_399f8f1d09f2e560e8b34dadf14d587f,8.5x11,4/4 (Full Color Both Sides),76 Pages,null,100# Text Self Cover,AQ 2 Sides (Semi-Gloss Coated),5-6 Days,6047.5,7105,8162.5,9220,9926,10632,113386,12044,127500,13504,14258,15012,15766,165200,17238,17956,18674,19392,201100,20766,21422,22078,22734,233900,4990
catalogs_176e21fecec4818321bf9474cb243b89,8.5x11,4/4 (Full Color Both Sides),76 Pages,null,100# Text Self Cover,AQ 2 Sides (Semi-Gloss Coated),3-4  Days,6047.5,7105,8162.5,9220,9926,10632,113386,12044,127500,13504,14258,15012,15766,165200,17238,17956,18674,19392,201100,20766,21422,22078,22734,233900,4990
catalogs_e3ec056f186259a895c3ea5b30fd9d7b,8.5x11,4/4 (Full Color Both Sides),80 Pages,null,100# Text Self Cover,AQ 2 Sides (Semi-Gloss Coated),5-6 Days,62350,73400,84450,95500,103100,110700,118300,125900,1335000,140780,148060,155340,162620,1699000,176900,183900,190900,197900,2049000,211900,218900,225900,232900,2399000,51300
catalogs_e44d35be07a834bbf9089c8823e9090f,8.5x11,4/4 (Full Color Both Sides),80 Pages,null,100# Text Self Cover,AQ 2 Sides (Semi-Gloss Coated),3-4  Days,62350,73400,84450,95500,103100,110700,118300,125900,1335000,140780,148060,155340,162620,1699000,176900,183900,190900,197900,2049000,211900,218900,225900,232900,2399000,51300
catalogs_da46eae4bd9c12b080c86349b8913538,8.5x11,4/4 (Full Color Both Sides),84 Pages,null,100# Text Self Cover,AQ 2 Sides (Semi-Gloss Coated),5-6 Days,6732.5,7875,9017.5,101600,11027,11894,12761,13628,144950,15298,1610196,16904,17707,185100,19320,20130,20940,21750,225600,23164,23768,24372,24976,255800,5590
catalogs_4ce01703f9220a258a5fc704322d2ae6,8.5x11,4/4 (Full Color Both Sides),84 Pages,null,100# Text Self Cover,AQ 2 Sides (Semi-Gloss Coated),3-4  Days,6732.5,7875,9017.5,101600,11027,11894,12761,13628,144950,15298,1610196,16904,17707,185100,19320,20130,20940,21750,225600,23164,23768,24372,24976,255800,5590
catalogs_a33422ea5d9cf35dee5b6f09a09cf7b4,8.5x11,4/4 (Full Color Both Sides),88 Pages,null,100# Text Self Cover,AQ 2 Sides (Semi-Gloss Coated),5-6 Days,6935,8120,9305,104900,11374,12258,13142,14026,149100,15726,16542,17358,18174,189900,1979096,20590,21390,22190,229900,23626,24262,24898,25534,261700,5750
catalogs_4249be6a53aa9bdbf1832abd4a26064c,8.5x11,4/4 (Full Color Both Sides),88 Pages,null,100# Text Self Cover,AQ 2 Sides (Semi-Gloss Coated),3-4  Days,6935,8120,9305,104900,11374,12258,13142,14026,149100,15726,16542,17358,18174,189900,1979096,20590,21390,22190,229900,23626,24262,24898,25534,261700,5750
catalogs_0054c6f4248138b311a373266099f21f,8.5x11,4/4 (Full Color Both Sides),92 Pages,null,100# Text Self Cover,AQ 2 Sides (Semi-Gloss Coated),5-6 Days,7415,8680,9945,11210,12038,12866,13694,14522,153500,16386,17422,18458,19494,205300,21422,22314,23206,24098,249900,25546,26102,26658,2721496,277700,6150
catalogs_1f2dcd0815c8e6f03108393a99db8f7b,8.5x11,4/4 (Full Color Both Sides),92 Pages,null,100# Text Self Cover,AQ 2 Sides (Semi-Gloss Coated),3-4  Days,7415,8680,9945,11210,12038,12866,13694,14522,153500,16386,17422,18458,19494,205300,21422,22314,23206,24098,249900,25546,26102,26658,2721496,277700,6150
catalogs_ff787745d19e9057de47ddb2b259bea9,8.5x11,4/4 (Full Color Both Sides),96 Pages,null,100# Text Self Cover,AQ 2 Sides (Semi-Gloss Coated),5-6 Days,7855,9260,10665,120700,12986,13902,148186,15734,166500,17764,18878,19992,21106,222200,23152,24084,25016,25948,268800,27502,28124,2874696,2936848,2999000,6450
catalogs_3eef2d9cef7f666a4eae522e9b2a57c5,8.5x11,4/4 (Full Color Both Sides),96 Pages,null,100# Text Self Cover,AQ 2 Sides (Semi-Gloss Coated),3-4  Days,7855,9260,10665,120700,12986,13902,148186,15734,166500,17764,18878,19992,21106,222200,23152,24084,25016,25948,268800,27502,28124,2874696,2936848,2999000,6450
catalogs_20b96873a25a581ccc0fd94a335c3b58,8.5x11,4/4 (Full Color Both Sides),88pp = Inside 84 + Cover 4,null,100# Gloss Text w/ 100# Glossy Cover,AQ 2 Sides (Semi-Gloss Coated),5-6 Days,7335,8620,9905,11190,12090,12990,13890,14790,15690,16550,17410,18270,19130,19990,20842,21694,22546,23398,24250,25070,25890,26710,275300,28350,6050
catalogs_26a56070a085aabfc3d41a0b7bdb25b1,8.5x11,4/4 (Full Color Both Sides),88pp = Inside 84 + Cover 4,null,100# Gloss Text w/ 100# Glossy Cover,AQ 2 Sides (Semi-Gloss Coated),3-4  Days,7335,8620,9905,11190,12090,12990,13890,14790,15690,16550,17410,18270,19130,19990,20842,21694,22546,23398,24250,25070,25890,26710,275300,28350,6050
catalogs_eef2f7a2973be1525bdfd4473cace55f,8.5x11,4/4 (Full Color Both Sides),92pp = Inside 88 + Cover 4,null,100# Gloss Text w/ 100# Glossy Cover,AQ 2 Sides (Semi-Gloss Coated),5-6 Days,7535,8860,10185,11510,12450,133906,14330,15270,16210,17086,17962,18838,19714,20590,21430,22270,23110,239502,24790,25621,26452,27283,28114,28945,6210
catalogs_1b0e249422de5b8fd2f9ec849e52446f,8.5x11,4/4 (Full Color Both Sides),92pp = Inside 88 + Cover 4,null,100# Gloss Text w/ 100# Glossy Cover,AQ 2 Sides (Semi-Gloss Coated),3-4  Days,7535,8860,10185,11510,12450,133906,14330,15270,16210,17086,17962,18838,19714,20590,21430,22270,23110,239502,24790,25621,26452,27283,28114,28945,6210
catalogs_d8e279002b305968d68b753ceba7cf65,8.5x11,4/4 (Full Color Both Sides),96pp = Inside 92 + Cover 4,null,100# Gloss Text w/ 100# Glossy Cover,AQ 2 Sides (Semi-Gloss Coated),5-6 Days,7985,9380,10775,12170,13152,14134,15116,16098,17080,18018,18956,19894,20832,21770,22614,23458,24302,25146,25990,26850,27710,28570,29430,302905,6590
catalogs_2122d1f1e1f7d007382452a045b569dd,8.5x11,4/4 (Full Color Both Sides),96pp = Inside 92 + Cover 4,null,100# Gloss Text w/ 100# Glossy Cover,AQ 2 Sides (Semi-Gloss Coated),3-4  Days,7985,9380,10775,12170,13152,14134,15116,16098,17080,18018,18956,19894,20832,21770,22614,23458,24302,25146,25990,26850,27710,28570,29430,302905,6590
catalogs_da18f3b7418a83575d766111c71eab01,8.5x11,4/4 (Full Color Both Sides),08pp = Inside 4 + Cover 4,null,100# Gloss Text w/ 100# Glossy Cover,AQ 2 Sides (Semi-Gloss Coated),5-6 Days,1085,1230,13758,1520,1670,1820,1970,2120,2270,2414,2558,2702,2846,2990,3140,3290,3440,3590,3740,3888,4036,4184,4332,4480,940
catalogs_9433533f57b7b163692a3ff87cd11297,8.5x11,4/4 (Full Color Both Sides),08pp = Inside 4 + Cover 4,null,100# Gloss Text w/ 100# Glossy Cover,AQ 2 Sides (Semi-Gloss Coated),3-4  Days,1085,1230,13758,1520,1670,1820,1970,2120,2270,2414,2558,2702,2846,2990,3140,3290,3440,3590,3740,3888,4036,4184,4332,4480,940
catalogs_578bf6ee414e052e1575ac3bde6662b9,8.5x11,4/4 (Full Color Both Sides),12pp = Inside 8 +Cover 4 ,null,100# Gloss Text w/ 100# Glossy Cover,AQ 2 Sides (Semi-Gloss Coated),5-6 Days,1430,1650,1870,2090,2310,2530,2750,2970,3190,3410,3630,3850,4070,4290,4530,4770,5010,52502,5490,5730,5970,6210,6450,6690,1210
catalogs_c7acb006a209ce50b01e52a83fe5993d,8.5x11,4/4 (Full Color Both Sides),12pp = Inside 8 +Cover 4 ,null,100# Gloss Text w/ 100# Glossy Cover,AQ 2 Sides (Semi-Gloss Coated),3-4  Days,1430,1650,1870,2090,2310,2530,2750,2970,3190,3410,3630,3850,4070,4290,4530,4770,5010,52502,5490,5730,5970,6210,6450,6690,1210
catalogs_ce6ab9448ecaae0e07b317a6887c3211,8.5x11,4/4 (Full Color Both Sides),16pp = Inside 12 + Cover 4,null,100# Gloss Text w/ 100# Glossy Cover,AQ 2 Sides (Semi-Gloss Coated),5-6 Days,1780,2080,2380,2680,2950,3220,3490,3760,4030,4330,4630,4930,5230,553090,5780,6030,6280,6530,6780,7062,7344,7626,7908,8190,1480
catalogs_f35039a3def3a704665d67aa19628998,8.5x11,4/4 (Full Color Both Sides),16pp = Inside 12 + Cover 4,null,100# Gloss Text w/ 100# Glossy Cover,AQ 2 Sides (Semi-Gloss Coated),3-4  Days,1780,2080,2380,2680,2950,3220,3490,3760,4030,4330,4630,4930,5230,553090,5780,6030,6280,6530,6780,7062,7344,7626,7908,8190,1480
catalogs_99e6bddb19f8a796408198cd27fb1bc7,8.5x11,4/4 (Full Color Both Sides),20pp = Inside 16 + Cover 4,null,100# Gloss Text w/ 100# Glossy Cover,AQ 2 Sides (Semi-Gloss Coated),5-6 Days,1962.5,2305,2647.5,2990,3290,3590,3890,41906,4490,4770,5050,533062,5610,5890,6170,6450,6730,7010,7290,7570,7850,8130,8410,8690,1620
catalogs_2691b963a651ffb224f55bcd5294035f,8.5x11,4/4 (Full Color Both Sides),20pp = Inside 16 + Cover 4,null,100# Gloss Text w/ 100# Glossy Cover,AQ 2 Sides (Semi-Gloss Coated),3-4  Days,1962.5,2305,2647.5,2990,3290,3590,3890,41906,4490,4770,5050,533062,5610,5890,6170,6450,6730,7010,7290,7570,7850,8130,8410,8690,1620
catalogs_0e1e8a5ed8a5c153a4bb76f1f87dbc31,8.5x11,4/4 (Full Color Both Sides),24pp = Inside 20 +Cover 4,null,100# Gloss Text w/ 100# Glossy Cover,AQ 2 Sides (Semi-Gloss Coated),5-6 Days,2487.5,2955,3422.58,3890,4270,4650,5030,5410,5790,61502,6510,6870,7230,7590,7930,8270,8610,8950,9290,9630,9970,10310,10650,10990,2020
catalogs_91f3acc2c245100a254f10e7d9403992,8.5x11,4/4 (Full Color Both Sides),24pp = Inside 20 +Cover 4,null,100# Gloss Text w/ 100# Glossy Cover,AQ 2 Sides (Semi-Gloss Coated),3-4  Days,2487.5,2955,3422.58,3890,4270,4650,5030,5410,5790,61502,6510,6870,7230,7590,7930,8270,8610,8950,9290,9630,9970,10310,10650,10990,2020
catalogs_8daa79100f597a4088296bff6da527ae,8.5x11,4/4 (Full Color Both Sides),28pp = Inside 24 + Cover ,null,100# Gloss Text w/ 100# Glossy Cover,AQ 2 Sides (Semi-Gloss Coated),5-6 Days,2710,3170,3630,4090,4510,4930,5350,5770,6190,6690,7190,7690,8190,8690,9110,9530,9950,10370,10790,11230,11670,12110,12550,12990,2250
catalogs_7daebec4d17d4959d8a91c12a3fec8e3,8.5x11,4/4 (Full Color Both Sides),28pp = Inside 24 + Cover ,null,100# Gloss Text w/ 100# Glossy Cover,AQ 2 Sides (Semi-Gloss Coated),3-4  Days,2710,3170,3630,4090,4510,4930,5350,5770,6190,6690,7190,7690,8190,8690,9110,9530,9950,10370,10790,11230,11670,12110,12550,12990,2250
catalogs_d30ca2bac78ac623c6aebb9ada2d14e3,8.5x11,4/4 (Full Color Both Sides),32pp = Inside 28 + Cover 4,null,100# Gloss Text w/ 100# Glossy Cover,AQ 2 Sides (Semi-Gloss Coated),5-6 Days,3040,3490,3940,4390,4830,5270,5710,6150,6590,7110,7630,8150,867052,9190,97508,10310,10870,11430,11990,12450,12910,13370,13830,14290,2590
catalogs_cbc496f35ae2c9b5770e8d970c39f5d0,8.5x11,4/4 (Full Color Both Sides),32pp = Inside 28 + Cover 4,null,100# Gloss Text w/ 100# Glossy Cover,AQ 2 Sides (Semi-Gloss Coated),3-4  Days,3040,3490,3940,4390,4830,5270,5710,6150,6590,7110,7630,8150,867052,9190,97508,10310,10870,11430,11990,12450,12910,13370,13830,14290,2590
catalogs_34816a90894af3157e3f0bbbafd8225e,8.5x11,4/4 (Full Color Both Sides),36pp = Inside 32 + Cover 4,null,100# Gloss Text w/ 100# Glossy Cover,AQ 2 Sides (Semi-Gloss Coated),5-6 Days,3190,3690,4190,4690,5170,5650,6130,6610,7090,7610,8130,8650,91704,9690,10230,1077022,11310,11850,12390,12890,13390,13890,14390,14890,2690
catalogs_1b07d0e8388abc2ef3c6421c0f8840df,8.5x11,4/4 (Full Color Both Sides),36pp = Inside 32 + Cover 4,null,100# Gloss Text w/ 100# Glossy Cover,AQ 2 Sides (Semi-Gloss Coated),3-4  Days,3190,3690,4190,4690,5170,5650,6130,6610,7090,7610,8130,8650,91704,9690,10230,1077022,11310,11850,12390,12890,13390,13890,14390,14890,2690
catalogs_d00660cca2f26739ae1b774c72ddfd2a,8.5x11,4/4 (Full Color Both Sides),40pp = Inside 36 + Cover 4,null,100# Gloss Text w/ 100# Glossy Cover,AQ 2 Sides (Semi-Gloss Coated),5-6 Days,3735,4380,5025,5670,61344,6598,7062,75266,7990,8556,91228,9688,1025496,108200,11394,11968,12542,13116,13690,14184,14678,15172,15666,16160,3090
catalogs_177c6f67a2714a4b4da8426a35bf7ac6,8.5x11,4/4 (Full Color Both Sides),40pp = Inside 36 + Cover 4,null,100# Gloss Text w/ 100# Glossy Cover,AQ 2 Sides (Semi-Gloss Coated),3-4  Days,3735,4380,5025,5670,61344,6598,7062,75266,7990,8556,91228,9688,1025496,108200,11394,11968,12542,13116,13690,14184,14678,15172,15666,16160,3090
catalogs_c58cf0f53b6189f578303f103bd563b7,8.5x11,4/4 (Full Color Both Sides),44pp = Inside 40 + Cover 4,null,100# Gloss Text w/ 100# Glossy Cover,AQ 2 Sides (Semi-Gloss Coated),5-6 Days,3927.5,4615,5302.58,5990,6488,6986,7484,7982,8480,904882,9616,10184,10752,11320,11892,12464,13036,13608,14180,14700,15220,15740,16260,16780,3240
catalogs_6332660e4f8445301d11fe55462ca35f,8.5x11,4/4 (Full Color Both Sides),44pp = Inside 40 + Cover 4,null,100# Gloss Text w/ 100# Glossy Cover,AQ 2 Sides (Semi-Gloss Coated),3-4  Days,3927.5,4615,5302.58,5990,6488,6986,7484,7982,8480,904882,9616,10184,10752,11320,11892,12464,13036,13608,14180,14700,15220,15740,16260,16780,3240
catalogs_50078f492b0c1f405ba83248bc319b1e,8.5x11,4/4 (Full Color Both Sides),48pp = Inside 44 + Cover 4,null,100# Gloss Text w/ 100# Glossy Cover,AQ 2 Sides (Semi-Gloss Coated),5-6 Days,4225,4930,5635,6340,6926,7512,8098,8684,9270,9870,1047020,11070,11670,12270,12860,1345070,14040,14630,15220,15746,16272,16798,17324,17850,3520
catalogs_614549c0cabc6bdcd331217903d158c4,8.5x11,4/4 (Full Color Both Sides),48pp = Inside 44 + Cover 4,null,100# Gloss Text w/ 100# Glossy Cover,AQ 2 Sides (Semi-Gloss Coated),3-4  Days,4225,4930,5635,6340,6926,7512,8098,8684,9270,9870,1047020,11070,11670,12270,12860,1345070,14040,14630,15220,15746,16272,16798,17324,17850,3520
catalogs_b1690aebc3a9df376a37ba6909f0b405,8.5x11,4/4 (Full Color Both Sides),52pp = Inside 48 + Cover 4,null,100# Gloss Text w/ 100# Glossy Cover,AQ 2 Sides (Semi-Gloss Coated),5-6 Days,4440,5190,5940,6690,7310,7930,8550,9170,9790,10390,10990,11590,12190,12790,13390,13990,14590,1519002,15790,16330,16870,17410,17950,18490,3690
catalogs_41e03235211008a08f95f9cde6140cec,8.5x11,4/4 (Full Color Both Sides),52pp = Inside 48 + Cover 4,null,100# Gloss Text w/ 100# Glossy Cover,AQ 2 Sides (Semi-Gloss Coated),3-4  Days,4440,5190,5940,6690,7310,7930,8550,9170,9790,10390,10990,11590,12190,12790,13390,13990,14590,1519002,15790,16330,16870,17410,17950,18490,3690
catalogs_4adecbe85f8ae0293f36573b4fbcf92b,8.5x11,4/4 (Full Color Both Sides),56pp = Inside 52 + Cover 4,null,100# Gloss Text w/ 100# Glossy Cover,AQ 2 Sides (Semi-Gloss Coated),5-6 Days,4890,5700,6510,7320,797436,8628,92828,993654,10590,11226,1186272,12498,13134,1377090,14414,15058,15702,16346,16990,17550,18110,18670,19230,19790,4080
catalogs_3bbb5645c9a42dcd242244d19852c619,8.5x11,4/4 (Full Color Both Sides),56pp = Inside 52 + Cover 4,null,100# Gloss Text w/ 100# Glossy Cover,AQ 2 Sides (Semi-Gloss Coated),3-4  Days,4890,5700,6510,7320,797436,8628,92828,993654,10590,11226,1186272,12498,13134,1377090,14414,15058,15702,16346,16990,17550,18110,18670,19230,19790,4080
catalogs_993f105f2c2c6defe9ebf5a672a51208,8.5x11,4/4 (Full Color Both Sides),60pp = Inside 56 + Cover 4,null,100# Gloss Text w/ 100# Glossy Cover,AQ 2 Sides (Semi-Gloss Coated),5-6 Days,5085,5940,6795,7650,8336,9022,9708,103946,1108040,11716,12352,12988,13624,14260,14912,15564,16216,16868,17520,18092,18664,19236,19808,20380,42304
catalogs_28e8ab15ddd7eae3ed4b6f8da88646f2,8.5x11,4/4 (Full Color Both Sides),60pp = Inside 56 + Cover 4,null,100# Gloss Text w/ 100# Glossy Cover,AQ 2 Sides (Semi-Gloss Coated),3-4  Days,5085,5940,6795,7650,8336,9022,9708,103946,1108040,11716,12352,12988,13624,14260,14912,15564,16216,16868,17520,18092,18664,19236,19808,20380,42304
catalogs_daeaf434348ad5548204e5e5b020ec17,8.5x11,4/4 (Full Color Both Sides),64pp = Inside 60 + Cover 4,null,100# Gloss Text w/ 100# Glossy Cover,AQ 2 Sides (Semi-Gloss Coated),5-6 Days,5400,6380,73608,8340,9022,9704,1038616,11068,11750,12430,13110,13790,14470,15150,1583032,16510,17190,17870,18550,19138,19726,20314,2090248,21490,4420
catalogs_30926b2da214d09113eeccec22ef5b78,8.5x11,4/4 (Full Color Both Sides),64pp = Inside 60 + Cover 4,null,100# Gloss Text w/ 100# Glossy Cover,AQ 2 Sides (Semi-Gloss Coated),3-4  Days,5400,6380,73608,8340,9022,9704,1038616,11068,11750,12430,13110,13790,14470,15150,1583032,16510,17190,17870,18550,19138,19726,20314,2090248,21490,4420
catalogs_bd5a6a48dab6d30c5a2f972c3f3b47f9,8.5x11,4/4 (Full Color Both Sides),68pp = Inside 64 + Cover 4,null,100# Gloss Text w/ 100# Glossy Cover,AQ 2 Sides (Semi-Gloss Coated),5-6 Days,5602.5,6615,7627.5,8640,9360,10080,10800,1152050,12240,12910,13580,14250,14920,15590,16270,16950,17630,18310,18990,19590,20190,20790,213900,21990,4590
catalogs_f211b0c9cdf4a46f99d131544e7d0335,8.5x11,4/4 (Full Color Both Sides),68pp = Inside 64 + Cover 4,null,100# Gloss Text w/ 100# Glossy Cover,AQ 2 Sides (Semi-Gloss Coated),3-4  Days,5602.5,6615,7627.5,8640,9360,10080,10800,1152050,12240,12910,13580,14250,14920,15590,16270,16950,17630,18310,18990,19590,20190,20790,213900,21990,4590
catalogs_eb097993bc8729136b0edb9eac392b82,8.5x11,4/4 (Full Color Both Sides),72pp = Inside 68 + Cover 4,null,100# Gloss Text w/ 100# Glossy Cover,AQ 2 Sides (Semi-Gloss Coated),5-6 Days,6062.5,7135,8207.5,9280,10034,10788,11542,12296,13050,13796,14542,15288,16034,16780,17550,18320,19090,19860,20630,21196,21762,22328,22894,23460,4990
catalogs_521de078360d21a50293a14e973978d1,8.5x11,4/4 (Full Color Both Sides),72pp = Inside 68 + Cover 4,null,100# Gloss Text w/ 100# Glossy Cover,AQ 2 Sides (Semi-Gloss Coated),3-4  Days,6062.5,7135,8207.5,9280,10034,10788,11542,12296,13050,13796,14542,15288,16034,16780,17550,18320,19090,19860,20630,21196,21762,22328,22894,23460,4990
catalogs_a1510a19e77a093434211157ba928472,8.5x11,4/4 (Full Color Both Sides),76pp = Inside 72 + Cover 4,null,100# Gloss Text w/ 100# Glossy Cover,AQ 2 Sides (Semi-Gloss Coated),5-6 Days,6245,7360,8475,9590,10390,11190,11990,12790,13590,14330,15070,15810,16550,17290,18056,18822,19588,20354,21120,21694,22268,2284258,23416,23990,5130
catalogs_d88fcbe610c7e02cb895985f8a35b8c2,8.5x11,4/4 (Full Color Both Sides),76pp = Inside 72 + Cover 4,null,100# Gloss Text w/ 100# Glossy Cover,AQ 2 Sides (Semi-Gloss Coated),3-4  Days,6245,7360,8475,9590,10390,11190,11990,12790,13590,14330,15070,15810,16550,17290,18056,18822,19588,20354,21120,21694,22268,2284258,23416,23990,5130
catalogs_ce17b80d5c810e7e700f99927734185e,8.5x11,4/4 (Full Color Both Sides),80pp = Inside 76 + Cover 4,null,100# Gloss Text w/ 100# Glossy Cover,AQ 2 Sides (Semi-Gloss Coated),5-6 Days,6685,7860,9035,10210,11038,11866,12694,13522,14350,1517034,15990,16810,17630,18450,19230,20010,20790,21570,22350,23152,2395468,24756,25558,26360,5510
catalogs_6433d197dc087956e642dbce5a212b54,8.5x11,4/4 (Full Color Both Sides),80pp = Inside 76 + Cover 4,null,100# Gloss Text w/ 100# Glossy Cover,AQ 2 Sides (Semi-Gloss Coated),3-4  Days,6685,7860,9035,10210,11038,11866,12694,13522,14350,1517034,15990,16810,17630,18450,19230,20010,20790,21570,22350,23152,2395468,24756,25558,26360,5510
catalogs_35ca2b0379b241f3a350438861d23ef0,8.5x11,4/4 (Full Color Both Sides),84pp = Inside 80 + Cover 4,null,100# Gloss Text w/ 100# Glossy Cover,AQ 2 Sides (Semi-Gloss Coated),5-6 Days,6887.5,8105,9322.5,10540,11400,12260,13120,13980,14840,15670,16500,17330,18160,18990,19790,20590,21390,2219098,22990,23790,24590,25390,26190,26990,5670
catalogs_902a4d55addbc07c970ded1408869ebf,8.5x11,4/4 (Full Color Both Sides),84pp = Inside 80 + Cover 4,null,100# Gloss Text w/ 100# Glossy Cover,AQ 2 Sides (Semi-Gloss Coated),3-4  Days,6887.5,8105,9322.5,10540,11400,12260,13120,13980,14840,15670,16500,17330,18160,18990,19790,20590,21390,2219098,22990,23790,24590,25390,26190,26990,5670
